APN,Owner,Amount,Address,City,Zip,Source
001-073-017-000,HARDWICK JAMES N,"$39,691.10",,,,AUBURN-JOURNAL-2026-Notice-of-Divided-Publications-3-Year-Defaults
001-150-027-000,ALVAREZ MEGAN & ALVAREZ JONELLE ET AL,"$5,952.11",,,,AUBURN-JOURNAL-2026-Notice-of-Divided-Publications-3-Year-Defaults
002-082-019-000,WINFREY WALTER A & WINFREY TERRI Y TR,"$28,650.34",,,,AUBURN-JOURNAL-2026-Notice-of-Divided-Publications-3-Year-Defaults
002-210-021-000,KOUPOS CHARLES JAMES 452 FINLEY ST,"$2,327.04",,,,2026-Notice-of-Impending-Power-To-Sell
003-031-028-000,SHERRILL ELLEN,"$2,678.15",,,,AUBURN-JOURNAL-2026-Notice-of-Divided-Publications-3-Year-Defaults
003-031-030-000,RAMOS DAVID ET AL,"$2,016.15",,,,AUBURN-JOURNAL-2026-Notice-of-Divided-Publications-3-Year-Defaults
003-032-040-000,TAYLOR CHARLES N,"$7,329.55",,,,AUBURN-JOURNAL-2026-Notice-of-Divided-Publications-3-Year-Defaults
003-042-029-000,ESTEBEZ DONNA L,"$26,609.43",,,,AUBURN-JOURNAL-2026-Notice-of-Divided-Publications-3-Year-Defaults
004-072-018-000,HARDWICK JAMES N,"$19,739.49",,,,AUBURN-JOURNAL-2026-Notice-of-Divided-Publications-3-Year-Defaults
006-043-010-000,FATULA JOSEPH JOHN JR & FATULA MARY ELLEN,"$21,168.27",,,,AUBURN-JOURNAL-2026-Notice-of-Divided-Publications-3-Year-Defaults
006-067-001-000,FATULA JOSEPH JOHN JR & FATULA MARY ELLEN,"$4,489.23",,,,AUBURN-JOURNAL-2026-Notice-of-Divided-Publications-3-Year-Defaults
006-067-002-000,FATULA JOSEPH JOHN JR & FATULA MARY ELLEN,"$25,477.67",,,,AUBURN-JOURNAL-2026-Notice-of-Divided-Publications-3-Year-Defaults
006-150-006-000,GREEN RUTH DENISE,"$4,929.21",,,,AUBURN-JOURNAL-2026-Notice-of-Divided-Publications-3-Year-Defaults
007-045-028-000,SOUTHERN MABEL L ET AL FORESTHILL RD,"$2,676.02",,,,2026-Notice-of-Impending-Power-To-Sell
007-045-029-000,CRAIG BENNETT O ET AL FORESTHILL RD,"$3,022.54",,,,2026-Notice-of-Impending-Power-To-Sell
007-045-077-000,NERO JEANA CHEREE ET AL,"$4,230.00",,,,AUBURN-JOURNAL-2026-Notice-of-Divided-Publications-3-Year-Defaults
007-090-009-000,LOWERY GLENN N JR & JACKIE A,"$23,798.62",,,,AUBURN-JOURNAL-2026-Notice-of-Divided-Publications-3-Year-Defaults
007-090-019-000,LOWERY GLENN N JR & JACKIE A,"$2,298.38",,,,AUBURN-JOURNAL-2026-Notice-of-Divided-Publications-3-Year-Defaults
007-090-021-000,LOWERY GLENN N JR & JACKIE A,"$2,373.92",,,,AUBURN-JOURNAL-2026-Notice-of-Divided-Publications-3-Year-Defaults
007-170-021-000,GALLAGHER MARIE E TR HEIR OF,"$11,540.11",,,,AUBURN-JOURNAL-2026-Notice-of-Divided-Publications-3-Year-Defaults
008-102-018-000,ROSE RODNEY TR,"$16,341.46",,,,LINCOLN-2026-Notice-of-Divided-Publications-3-Year-Defaults
008-176-009-000,VALERIANO MOISES RIOS & AMEZCUA CAROLINA,"$4,296.65",,,,LINCOLN-2026-Notice-of-Divided-Publications-3-Year-Defaults
008-191-020-000,AGUIRRE SHANE M,$91.15,,,,LINCOLN-2026-Notice-of-Divided-Publications-3-Year-Defaults
009-190-026-000,TAYLOR DONNA ELAINE WOODY,"$2,298.89",,,,LINCOLN-2026-Notice-of-Divided-Publications-3-Year-Defaults
009-350-001-000,GONG NICHOLAS & GONG MICHELLE 1810 SALERNO PL,"$2,434.04",,,,2026-Notice-of-Impending-Power-To-Sell
010-350-025-000,APPLEGATE JAMES C & APPLEGATE MARVILYN E TR,"$2,877.77",,,,SOUTH-PLACER-2026-Notice-of-Divided-Publications-3-Year-Defaults
011-084-009-000,POGGIONE LORRAINE & VAN KALMTHOUT HARRISON,"$2,158.98",,,,SOUTH-PLACER-2026-Notice-of-Divided-Publications-3-Year-Defaults
012-165-005-000,CODINA SALVADOR & ANREA PERCHES TTEES,"$1,751.55",,,,SOUTH-PLACER-2026-Notice-of-Divided-Publications-3-Year-Defaults
012-171-013-000,SILVA ADRIAN,"$3,447.62",,,,SOUTH-PLACER-2026-Notice-of-Divided-Publications-3-Year-Defaults
012-171-029-000,SILVA ADRIAN,"$3,431.21",,,,SOUTH-PLACER-2026-Notice-of-Divided-Publications-3-Year-Defaults
012-171-030-000,SILVA ADRIAN,"$3,431.21",,,,SOUTH-PLACER-2026-Notice-of-Divided-Publications-3-Year-Defaults
012-171-031-000,SILVA ADRIAN,"$3,449.13",,,,SOUTH-PLACER-2026-Notice-of-Divided-Publications-3-Year-Defaults
012-183-017-000,RIVER CREEK REALTY 1316 CHURCH ST,"$15,408.57",,,,2026-Notice-of-Impending-Power-To-Sell
012-185-024-000,HALTOM TERRANCE & JENNIFER,"$2,285.06",,,,SOUTH-PLACER-2026-Notice-of-Divided-Publications-3-Year-Defaults
013-011-022-000,GOFF DAVID H & MULLICAN JASON D 832 ATLANTIC ST,"$39,377.16",,,,2026-Notice-of-Impending-Power-To-Sell
013-260-030-510,WILLIAMS LYLE PATRICK,"$11,454.17",,,,SOUTH-PLACER-2026-Notice-of-Divided-Publications-3-Year-Defaults
013-260-032-510,CASKEY JEFF 251 BREUNER DR #1,"$4,517.63",,,,2026-Notice-of-Impending-Power-To-Sell
014-052-003-000,PHAM HELEN,"$7,474.92",,,,SOUTH-PLACER-2026-Notice-of-Divided-Publications-3-Year-Defaults
014-113-055-000,THATCHER BRANDON,"$26,670.89",,,,SOUTH-PLACER-2026-Notice-of-Divided-Publications-3-Year-Defaults
014-141-025-000,BAINS RANBIR K,"$31,009.24",,,,SOUTH-PLACER-2026-Notice-of-Divided-Publications-3-Year-Defaults
014-152-007-000,SOLORIO AGUEDO,$119.83,,,,SOUTH-PLACER-2026-Notice-of-Divided-Publications-3-Year-Defaults
014-263-021-000,ROSS-MORALES CASSANDRA LYNN,"$2,232.45",,,,SOUTH-PLACER-2026-Notice-of-Divided-Publications-3-Year-Defaults
014-281-009-000,VILLA FERNANDO ET AL,"$5,318.37",,,,SOUTH-PLACER-2026-Notice-of-Divided-Publications-3-Year-Defaults
014-421-007-000,WELTER KYLE,"$2,029.35",,,,SOUTH-PLACER-2026-Notice-of-Divided-Publications-3-Year-Defaults
015-540-032-000,SHAMIR HUSAINZADA 6500 HEARTHSTONE CI #212,$120.83,,,,2026-Notice-of-Impending-Power-To-Sell
016-150-018-000,RUHKALA DAVID J,"$5,134.36",,,,SOUTH-PLACER-2026-Notice-of-Divided-Publications-3-Year-Defaults
016-190-016-000,BRAZEL MICHELE & BRAZEL DANIEL,"$3,452.11",,,,SOUTH-PLACER-2026-Notice-of-Divided-Publications-3-Year-Defaults
016-370-047-000,KUHL KATHERINE L & VAN COOPS KRISTINA L,"$3,613.13",,,,SOUTH-PLACER-2026-Notice-of-Divided-Publications-3-Year-Defaults
016-530-029-000,HAUSER SUSAN CHRISTINE,"$23,404.41",,,,SOUTH-PLACER-2026-Notice-of-Divided-Publications-3-Year-Defaults
017-380-013-000,CC DRIVE LLC,"$7,945.80",,,,SOUTH-PLACER-2026-Notice-of-Divided-Publications-3-Year-Defaults
019-100-032-000,SOTO ONOFRE,"$10,960.70",,,,LINCOLN-2026-Notice-of-Divided-Publications-3-Year-Defaults
019-193-018-000,PENA PATRICIA 4729 H ST,"$6,356.77",,,,2026-Notice-of-Impending-Power-To-Sell
019-193-020-000,WEST PATRICIA ANN,"$10,356.28",,,,LINCOLN-2026-Notice-of-Divided-Publications-3-Year-Defaults
019-232-029-000,SCHLOSSER NICHOLAS DANIEL TR,"$23,447.89",,,,LINCOLN-2026-Notice-of-Divided-Publications-3-Year-Defaults
020-012-009-000,HOUSTON SAMUEL,"$15,741.58",,,,LINCOLN-2026-Notice-of-Divided-Publications-3-Year-Defaults
020-060-048-000,DURGAN DENNIS & BRINEGARDURGAN PHYLLIS J,"$6,379.15",,,,LINCOLN-2026-Notice-of-Divided-Publications-3-Year-Defaults
021-200-051-000,TSCHANNEN LORRIE A 2501 CROSBY HEROLD RD,"$22,493.70",,,,2026-Notice-of-Impending-Power-To-Sell
021-410-012-000,ROSILES RAUL JACUINDE,$538.50,,,,LINCOLN-2026-Notice-of-Divided-Publications-3-Year-Defaults
021-430-062-000,WAREHAM WANDA J 1615 5TH ST,"$3,409.84",,,,2026-Notice-of-Impending-Power-To-Sell
021-600-044-000,DAVIS BRUCE S ET AL,"$11,754.81",,,,LINCOLN-2026-Notice-of-Divided-Publications-3-Year-Defaults
023-234-053-000,WATTS CRAIG,"$7,091.13",,,,SOUTH-PLACER-2026-Notice-of-Divided-Publications-3-Year-Defaults
023-292-006-000,ROSALES-ROCHA RANULFO & ROSALES JENNIFER,"$3,273.60",,,,SOUTH-PLACER-2026-Notice-of-Divided-Publications-3-Year-Defaults
023-294-001-000,DEGATON KATHLEEN,"$16,662.43",,,,SOUTH-PLACER-2026-Notice-of-Divided-Publications-3-Year-Defaults
023-294-057-000,WHITNEY FLOYD 145 HAP ARNOLD LP,"$3,332.46",,,,2026-Notice-of-Impending-Power-To-Sell
023-302-019-000,ANDRADE MARK A,"$11,171.87",,,,SOUTH-PLACER-2026-Notice-of-Divided-Publications-3-Year-Defaults
023-302-025-000,ALLMON CLAY,"$5,301.53",,,,SOUTH-PLACER-2026-Notice-of-Divided-Publications-3-Year-Defaults
026-171-008-000,GOGGIA IRLENE RENEE TR,"$11,332.41",,,,LINCOLN-2026-Notice-of-Divided-Publications-3-Year-Defaults
026-171-051-000,SUN VALLEY PROPERTY COMPANY LLC TR,"$7,269.91",,,,LINCOLN-2026-Notice-of-Divided-Publications-3-Year-Defaults
026-180-030-000,PARTLOW TRAVIS DEAN ALTON & PARTLOW JAIME ANDREA H,"$3,768.64",,,,LINCOLN-2026-Notice-of-Divided-Publications-3-Year-Defaults
026-231-010-000,PUZZLEWOOD PARTNERS 4100 PUZZLEWOOD LN,"$9,854.67",,,,2026-Notice-of-Impending-Power-To-Sell
026-240-053-000,BROWN HARRY V & AUDREY W,$166.65,,,,AUBURN-JOURNAL-2026-Notice-of-Divided-Publications-3-Year-Defaults
026-270-034-000,BONITO LEAL TR,"$5,637.71",,,,AUBURN-JOURNAL-2026-Notice-of-Divided-Publications-3-Year-Defaults
029-190-007-000,RISCH MARLON & RISCH LAHOMA,"$1,046.14",,,,SOUTH-PLACER-2026-Notice-of-Divided-Publications-3-Year-Defaults
029-320-008-000,NESSAR ELIJAH TR,"$50,565.99",,,,SOUTH-PLACER-2026-Notice-of-Divided-Publications-3-Year-Defaults
030-080-071-000,GAVARD JARED J,"$4,550.64",,,,SOUTH-PLACER-2026-Notice-of-Divided-Publications-3-Year-Defaults
030-140-024-000,ARTEMENCOVA OXANA,"$42,298.63",,,,2026-Notice-of-Impending-Power-To-Sell
030-193-004-000,CULLEN SEAN,"$5,081.69",,,,SOUTH-PLACER-2026-Notice-of-Divided-Publications-3-Year-Defaults
031-020-038-000,LEAL JOSEPH CONSOLLES JR,"$18,630.10",,,,LINCOLN-2026-Notice-of-Divided-Publications-3-Year-Defaults
031-062-027-000,CAMPBELL DANIEL,"$1,792.26",,,,LINCOLN-2026-Notice-of-Divided-Publications-3-Year-Defaults
031-074-032-000,MURRAY ELIJAH SR,"$11,786.67",,,,LINCOLN-2026-Notice-of-Divided-Publications-3-Year-Defaults
031-150-026-000,COLE STEPHEN M & COLE VIVIAN M TR,"$12,979.70",,,,SOUTH-PLACER-2026-Notice-of-Divided-Publications-3-Year-Defaults
031-232-021-000,GARNER JUDY E ET AL 8270 LINCOLN NEWCASTLE HWY,"$4,048.76",,,,2026-Notice-of-Impending-Power-To-Sell
031-233-007-000,SPRIKHA ANDREY SERGEYEVICH & SPRIKHA NINA ALEKSAND,"$5,694.94",,,,AUBURN-JOURNAL-2026-Notice-of-Divided-Publications-3-Year-Defaults
032-041-026-000,JOHNSON GARRY LYNN TR,"$4,873.94",,,,SOUTH-PLACER-2026-Notice-of-Divided-Publications-3-Year-Defaults
032-112-026-000,VELON ROBERT W & VELON GLENDA J TR,"$48,090.73",,,,SOUTH-PLACER-2026-Notice-of-Divided-Publications-3-Year-Defaults
032-133-021-000,TANSON KATHERINE TRUSTEE,"$15,230.25",,,,SOUTH-PLACER-2026-Notice-of-Divided-Publications-3-Year-Defaults
032-230-001-000,HILL DANIEL MARK,"$4,878.55",,,,SOUTH-PLACER-2026-Notice-of-Divided-Publications-3-Year-Defaults
032-252-037-000,DAVIS JAMES A LIFE EST 8040 GILARDI RD,"$43,159.24",,,,2026-Notice-of-Impending-Power-To-Sell
035-311-026-000,MARKI ANALISA CHRISTINA TR 7844 PROSPECT CT,"$128,774.06",,,,2026-Notice-of-Impending-Power-To-Sell
036-190-069-000,O'BRIEN JEFF 9270 HUMMINGBIRD LN,"$32,737.46",,,,2026-Notice-of-Impending-Power-To-Sell
036-250-001-000,O'BRIEN JEFF,"$9,786.05",,,,2026-Notice-of-Impending-Power-To-Sell
036-250-047-000,O'BRIEN JEFF,"$5,581.38",,,,2026-Notice-of-Impending-Power-To-Sell
036-280-003-000,MYSIN NIKOLAY V,"$15,964.64",,,,SOUTH-PLACER-2026-Notice-of-Divided-Publications-3-Year-Defaults
037-080-016-000,LAKE ROY EMERSON TR 3943 LEAK LN,$49.04,,,,2026-Notice-of-Impending-Power-To-Sell
038-032-041-000,RUE PATRICIA RAENEL HARRIS RD,"$7,969.51",,,,2026-Notice-of-Impending-Power-To-Sell
038-070-013-000,MARISCAL ALBINO O & MARY EST OF 11545 EDGEWOOD RD,"$9,011.16",,,,2026-Notice-of-Impending-Power-To-Sell
038-180-011-000,LANG TERESA TR,"$11,599.66",,,,SOUTH-PLACER-2026-Notice-of-Divided-Publications-3-Year-Defaults
038-290-009-000,HORATH FRANK ET AL,$124.14,,,,AUBURN-JOURNAL-2026-Notice-of-Divided-Publications-3-Year-Defaults
040-130-040-000,MAKI WAYNE,"$2,038.35",,,,AUBURN-JOURNAL-2026-Notice-of-Divided-Publications-3-Year-Defaults
040-173-005-000,CALVO CHRISTOPHER DENIS & CALVO ANDREA,"$8,146.23",,,,AUBURN-JOURNAL-2026-Notice-of-Divided-Publications-3-Year-Defaults
040-193-013-000,HARRER WILLILAM PAUL & HARRER KRYSTIN 565 PEACH LN,"$3,237.91",,,,2026-Notice-of-Impending-Power-To-Sell
040-193-015-000,HARRER WILLILAM PAUL & HARRER KRYSTIN,"$6,694.95",,,,2026-Notice-of-Impending-Power-To-Sell
040-260-021-000,MAKI WAYNE,"$4,320.21",,,,AUBURN-JOURNAL-2026-Notice-of-Divided-Publications-3-Year-Defaults
040-260-050-000,MAKI WAYNE,"$10,684.53",,,,SOUTH-PLACER-2026-Notice-of-Divided-Publications-3-Year-Defaults
040-370-013-000,PORTER MICHAEL LEE,"$1,954.13",,,,AUBURN-JOURNAL-2026-Notice-of-Divided-Publications-3-Year-Defaults
040-410-044-000,GARLAND JEFFREY L & GARLAND JUDITH,"$14,941.11",,,,AUBURN-JOURNAL-2026-Notice-of-Divided-Publications-3-Year-Defaults
042-141-019-000,YSLETA OSCAR,"$10,048.18",,,,2026-Notice-of-Impending-Power-To-Sell
043-030-025-000,M & M VENTURES COMPANY LLC 3425 TAYLOR RD,"$3,819.09",,,,2026-Notice-of-Impending-Power-To-Sell
044-123-007-000,BAIR NICHOLAS S,"$4,942.47",,,,SOUTH-PLACER-2026-Notice-of-Divided-Publications-3-Year-Defaults
044-123-009-000,BAIR NICHOLAS STEVEN & BAIR AMANDA LEE,"$4,718.46",,,,SOUTH-PLACER-2026-Notice-of-Divided-Publications-3-Year-Defaults
045-021-045-000,DODGE ANGEL CLAIRE,"$42,483.63",,,,SOUTH-PLACER-2026-Notice-of-Divided-Publications-3-Year-Defaults
045-071-049-000,ZUBAL LARISA & ZUBAL NICK,"$7,914.53",,,,SOUTH-PLACER-2026-Notice-of-Divided-Publications-3-Year-Defaults
045-120-029-000,BARKER MARK 5520 CHINA GARDEN RD,"$5,179.82",,,,2026-Notice-of-Impending-Power-To-Sell
045-181-025-000,MURDOCK WALDO F JR ET AL,$149.87,,,,2026-Notice-of-Impending-Power-To-Sell
045-440-058-000,PETRIK LINA 5010 FOXBORO CT,"$1,932.60",,,,2026-Notice-of-Impending-Power-To-Sell
045-440-060-000,ZUBAL DAVID,"$4,230.82",,,,SOUTH-PLACER-2026-Notice-of-Divided-Publications-3-Year-Defaults
046-103-053-000,BECK MICHAEL A TR,"$11,995.83",,,,SOUTH-PLACER-2026-Notice-of-Divided-Publications-3-Year-Defaults
046-174-010-000,SEGURA ANNETTE MARIE & THURS VALERIE,"$12,868.66",,,,SOUTH-PLACER-2026-Notice-of-Divided-Publications-3-Year-Defaults
046-430-014-000,CYPERT GARY JOHN & CYPERT ANNA MARIE,"$42,741.89",,,,SOUTH-PLACER-2026-Notice-of-Divided-Publications-3-Year-Defaults
047-041-001-000,LEMASTERS LENN E 8370 OAK KNOLL DR,"$28,282.57",,,,2026-Notice-of-Impending-Power-To-Sell
048-103-088-000,GRANITE BAY ESTATES MHC LP,"$21,587.22",,,,SOUTH-PLACER-2026-Notice-of-Divided-Publications-3-Year-Defaults
048-132-077-000,YANG YUNG Y ET AL,"$56,495.65",,,,2026-Notice-of-Impending-Power-To-Sell
048-142-097-000,PB REALTY INVESTMENTS LLC,"$28,894.18",,,,SOUTH-PLACER-2026-Notice-of-Divided-Publications-3-Year-Defaults
048-151-072-000,KARANJA MARGARET,$699.19,,,,SOUTH-PLACER-2026-Notice-of-Divided-Publications-3-Year-Defaults
048-210-021-000,BRAWLEY THOMAS 1608 CINDY CI,"$19,485.57",,,,2026-Notice-of-Impending-Power-To-Sell
048-410-002-000,HEPWORTH DAVID M JR & HEPWORTH MARIA U,"$3,197.79",,,,SOUTH-PLACER-2026-Notice-of-Divided-Publications-3-Year-Defaults
050-010-029-000,BAIG SHAKEELA J & MIRZA J 9020 ROLLING GREENS TE,"$56,581.49",,,,2026-Notice-of-Impending-Power-To-Sell
051-030-024-000,GUZMAN ERIBERTO & SANCHEZ SANDY 10505 JOEGER RD,"$31,347.87",,,,2026-Notice-of-Impending-Power-To-Sell
051-260-059-520,LOW MICHAEL 3677 GALENA DR #UNIT 2,"$12,557.61",,,,2026-Notice-of-Impending-Power-To-Sell
051-270-036-510,GARCIA AMILCAR & ZETINO VERONICA BEATRIZ,"$2,168.29",,,,AUBURN-JOURNAL-2026-Notice-of-Divided-Publications-3-Year-Defaults
052-020-029-000,PM GREEN ENTERPRISES LLC,$124.22,,,,AUBURN-JOURNAL-2026-Notice-of-Divided-Publications-3-Year-Defaults
052-210-009-000,PHELPS JUSTINA L,"$21,594.08",,,,AUBURN-JOURNAL-2026-Notice-of-Divided-Publications-3-Year-Defaults
052-210-055-000,WICKS LARA S & BYERS CHRIS A,"$30,564.34",,,,AUBURN-JOURNAL-2026-Notice-of-Divided-Publications-3-Year-Defaults
052-230-033-000,LAMARR ANDREW W & CHATTERLEY JESSICA,"$2,735.49",,,,AUBURN-JOURNAL-2026-Notice-of-Divided-Publications-3-Year-Defaults
052-280-020-000,WHITEACRE KIP & WHITEACRE DONNA,"$1,775.12",,,,AUBURN-JOURNAL-2026-Notice-of-Divided-Publications-3-Year-Defaults
053-010-046-000,SCHLENKER CURTIS,"$3,837.17",,,,AUBURN-JOURNAL-2026-Notice-of-Divided-Publications-3-Year-Defaults
053-102-030-000,KENDALL BRANDON,"$22,550.47",,,,AUBURN-JOURNAL-2026-Notice-of-Divided-Publications-3-Year-Defaults
053-150-062-000,FARBER JOHN JACOB & SANDAHL MELISA CHRISTINE,"$7,795.65",,,,AUBURN-JOURNAL-2026-Notice-of-Divided-Publications-3-Year-Defaults
054-051-057-000,CHAMBERS VINCENT MICHAEL & CHAMBERS KATHRYN,"$4,837.79",,,,AUBURN-JOURNAL-2026-Notice-of-Divided-Publications-3-Year-Defaults
054-242-004-000,FORD EMERY DEPNER & DOROTHY ELLA TRUSTEES,"$16,919.92",,,,AUBURN-JOURNAL-2026-Notice-of-Divided-Publications-3-Year-Defaults
054-420-012-000,KIRSCHNER HARRY CHAD 13017 LINCOLN WY #91,$899.34,,,,2026-Notice-of-Impending-Power-To-Sell
055-140-030-000,PURDUE DUANE W & PAULETTE A 180 RANCHO CI,"$15,116.32",,,,2026-Notice-of-Impending-Power-To-Sell
055-340-001-000,ALLEN DAVID E ET AL 11040 MONTANA DR,"$43,330.34",,,,2026-Notice-of-Impending-Power-To-Sell
062-030-005-000,SIERRA GOLD PROPERTIES INC,$461.82,,,,AUBURN-JOURNAL-2026-Notice-of-Divided-Publications-3-Year-Defaults
062-030-014-000,SIERRA GOLD PROPERTIES INC,"$3,926.05",,,,AUBURN-JOURNAL-2026-Notice-of-Divided-Publications-3-Year-Defaults
062-040-003-000,SIERRA GOLD PROPERTIES INC,$612.85,,,,AUBURN-JOURNAL-2026-Notice-of-Divided-Publications-3-Year-Defaults
062-040-004-000,SIERRA GOLD PROPERTIES INC,$499.19,,,,AUBURN-JOURNAL-2026-Notice-of-Divided-Publications-3-Year-Defaults
062-040-011-520,SIERRA GOLD PROPERTIES INC,"$1,397.45",,,,AUBURN-JOURNAL-2026-Notice-of-Divided-Publications-3-Year-Defaults
062-050-002-000,SIERRA GOLD PROPERTIES INC,$543.54,,,,AUBURN-JOURNAL-2026-Notice-of-Divided-Publications-3-Year-Defaults
062-050-003-000,SIERRA GOLD PROPERTIES INC,$389.82,,,,AUBURN-JOURNAL-2026-Notice-of-Divided-Publications-3-Year-Defaults
062-050-004-000,SIERRA GOLD PROPERTIES INC,"$1,548.55",,,,AUBURN-JOURNAL-2026-Notice-of-Divided-Publications-3-Year-Defaults
062-050-013-000,SIERRA GOLD PROPERTIES INC,$857.71,,,,AUBURN-JOURNAL-2026-Notice-of-Divided-Publications-3-Year-Defaults
062-050-015-000,SIERRA GOLD PROPERTIES INC,"$2,640.63",,,,AUBURN-JOURNAL-2026-Notice-of-Divided-Publications-3-Year-Defaults
062-050-016-000,SIERRA GOLD PROPERTIES INC,$762.51,,,,AUBURN-JOURNAL-2026-Notice-of-Divided-Publications-3-Year-Defaults
062-161-006-000,STANFIELD SCOTT & STANFIELD JENNIFER,"$37,326.39",,,,AUBURN-JOURNAL-2026-Notice-of-Divided-Publications-3-Year-Defaults
062-180-015-000,RICHARD 34105 ALTA BONNY NOOK RD,$597.83,,,,2026-Notice-of-Impending-Power-To-Sell
062-251-028-000,EDWARDS SEVASTE TR,$185.89,,,,AUBURN-JOURNAL-2026-Notice-of-Divided-Publications-3-Year-Defaults
062-252-005-000,EDWARDS SEVASTE TR,"$6,178.67",,,,AUBURN-JOURNAL-2026-Notice-of-Divided-Publications-3-Year-Defaults
062-360-015-000,ASH ALEXANDER LANCE,"$15,578.37",,,,AUBURN-JOURNAL-2026-Notice-of-Divided-Publications-3-Year-Defaults
062-380-042-000,MACDONALD CRAIG,"$21,658.28",,,,AUBURN-JOURNAL-2026-Notice-of-Divided-Publications-3-Year-Defaults
062-392-001-000,SERRANO AARON & SERRANO HEATHER,"$1,540.41",,,,AUBURN-JOURNAL-2026-Notice-of-Divided-Publications-3-Year-Defaults
062-440-002-000,NORLUND BRET L,"$1,594.21",,,,2026-Notice-of-Impending-Power-To-Sell
062-490-029-000,BRUSSEAU HOWARD & MITSUKO,"$3,749.48",,,,AUBURN-JOURNAL-2026-Notice-of-Divided-Publications-3-Year-Defaults
062-500-065-000,FORBES WAYNE & SANDRA K,"$11,904.71",,,,AUBURN-JOURNAL-2026-Notice-of-Divided-Publications-3-Year-Defaults
063-010-039-000,PARKS WAYNE,"$9,790.97",,,,AUBURN-JOURNAL-2026-Notice-of-Divided-Publications-3-Year-Defaults
063-150-020-000,LOWRY GREGORY MARK TR RD,"$7,825.64",,,,2026-Notice-of-Impending-Power-To-Sell
063-220-008-000,DUNCKHORST WILLIAM TR ET EL,"$1,029.43",,,,2026-Notice-of-Impending-Power-To-Sell
063-285-030-000,POULOS OLIVIA ANNE ET AL 325 ALPINE DR,$380.87,,,,2026-Notice-of-Impending-Power-To-Sell
063-344-004-000,POWELL NEILL L & JARVIS HOLLY E,"$1,218.81",,,,AUBURN-JOURNAL-2026-Notice-of-Divided-Publications-3-Year-Defaults
063-430-072-000,DEMARCHIS ELIZABETH G,"$15,628.20",,,,2026-Notice-of-Impending-Power-To-Sell
063-440-026-000,PERRY MAUREEN ET AL 33960 WILD ROSE LN,"$7,706.39",,,,2026-Notice-of-Impending-Power-To-Sell
063-510-001-000,WOOD DEREK P & WOOD ALICIA M,"$1,219.52",,,,AUBURN-JOURNAL-2026-Notice-of-Divided-Publications-3-Year-Defaults
064-040-009-000,LEMON DWAYNE EVERETTE ET AL,"$10,775.27",,,,AUBURN-JOURNAL-2026-Notice-of-Divided-Publications-3-Year-Defaults
064-070-040-000,PERRY JOHN DANIEL,"$4,718.94",,,,2026-Notice-of-Impending-Power-To-Sell
064-070-058-000,YER WELCOME LLC,"$10,212.81",,,,AUBURN-JOURNAL-2026-Notice-of-Divided-Publications-3-Year-Defaults
064-070-059-000,YER WELCOME LLC,"$20,744.82",,,,AUBURN-JOURNAL-2026-Notice-of-Divided-Publications-3-Year-Defaults
064-110-018-000,BECHHOLD JERRY R,"$1,236.07",,,,AUBURN-JOURNAL-2026-Notice-of-Divided-Publications-3-Year-Defaults
064-180-004-510,TAYLOR DAVID,"$3,386.28",,,,AUBURN-JOURNAL-2026-Notice-of-Divided-Publications-3-Year-Defaults
064-180-004-520,TAYLOR DAVID,"$1,756.20",,,,AUBURN-JOURNAL-2026-Notice-of-Divided-Publications-3-Year-Defaults
064-180-024-510,TAYLOR DAVID,"$3,781.67",,,,AUBURN-JOURNAL-2026-Notice-of-Divided-Publications-3-Year-Defaults
064-180-024-520,TAYLOR DAVID,"$1,889.01",,,,AUBURN-JOURNAL-2026-Notice-of-Divided-Publications-3-Year-Defaults
064-240-010-520,PATTERSON DONALD C & GAYLE J TRUSTEES,"$5,243.27",,,,2026-Notice-of-Impending-Power-To-Sell
064-260-035-000,CHURCH BERT F,"$1,831.62",,,,AUBURN-JOURNAL-2026-Notice-of-Divided-Publications-3-Year-Defaults
066-360-003-000,RANCH AT EMIGRANT GAP LLC,"$2,396.01",,,,AUBURN-JOURNAL-2026-Notice-of-Divided-Publications-3-Year-Defaults
066-360-004-000,RANCH AT EMIGRANT GAP LLC,"$2,396.01",,,,AUBURN-JOURNAL-2026-Notice-of-Divided-Publications-3-Year-Defaults
066-360-005-000,RANCH AT EMIGRANT GAP LLC,"$2,396.01",,,,AUBURN-JOURNAL-2026-Notice-of-Divided-Publications-3-Year-Defaults
066-360-006-000,RANCH AT EMIGRANT GAP LLC,"$2,396.01",,,,AUBURN-JOURNAL-2026-Notice-of-Divided-Publications-3-Year-Defaults
066-360-007-000,RANCH AT EMIGRANT GAP LLC,"$2,396.01",,,,AUBURN-JOURNAL-2026-Notice-of-Divided-Publications-3-Year-Defaults
066-360-008-000,RANCH AT EMIGRANT GAP LLC,"$2,396.01",,,,AUBURN-JOURNAL-2026-Notice-of-Divided-Publications-3-Year-Defaults
069-010-012-000,STEPHEN J WAMPLER FOUNDATION,$901.80,,,,TAHOE-2026-Notice-of-Divided-Publications-3-Year-Defaults
069-010-055-000,STEPHEN J WAMPLER FOUNDATION,"$1,717.81",,,,TAHOE-2026-Notice-of-Divided-Publications-3-Year-Defaults
071-031-011-000,WALTER JAMES M TTEE,"$4,124.16",,,,AUBURN-JOURNAL-2026-Notice-of-Divided-Publications-3-Year-Defaults
071-160-027-000,SIERRA GOLD PROPERTIES INC,"$14,674.13",,,,AUBURN-JOURNAL-2026-Notice-of-Divided-Publications-3-Year-Defaults
071-160-028-000,CARVER FAY F TR,"$2,259.37",,,,AUBURN-JOURNAL-2026-Notice-of-Divided-Publications-3-Year-Defaults
071-160-029-000,SIERRA GOLD PROPERTIES INC,"$1,393.58",,,,AUBURN-JOURNAL-2026-Notice-of-Divided-Publications-3-Year-Defaults
071-160-033-000,SIERRA GOLD PROPERTIES INC,"$27,421.05",,,,AUBURN-JOURNAL-2026-Notice-of-Divided-Publications-3-Year-Defaults
071-160-034-000,SIERRA GOLD PROPERTIES INC,"$1,393.58",,,,AUBURN-JOURNAL-2026-Notice-of-Divided-Publications-3-Year-Defaults
071-160-035-000,SIERRA GOLD PROPERTIES INC,"$2,736.12",,,,AUBURN-JOURNAL-2026-Notice-of-Divided-Publications-3-Year-Defaults
071-160-036-000,SIERRA GOLD PROPERTIES INC,"$2,517.14",,,,AUBURN-JOURNAL-2026-Notice-of-Divided-Publications-3-Year-Defaults
071-250-073-000,ERHARDT CAMERON D & ERHARDT DAWN MARIE 22545 HIGH SIERRA VIEW,"$1,396.68",,,,2026-Notice-of-Impending-Power-To-Sell
071-290-013-000,VANZANDT IVONA ET AL,"$9,944.19",,,,AUBURN-JOURNAL-2026-Notice-of-Divided-Publications-3-Year-Defaults
072-061-016-000,NIKULA RACHEL ANN,"$8,573.28",,,,AUBURN-JOURNAL-2026-Notice-of-Divided-Publications-3-Year-Defaults
072-061-051-000,PICKERRELL NINA LYNETTE TR,"$10,988.44",,,,AUBURN-JOURNAL-2026-Notice-of-Divided-Publications-3-Year-Defaults
072-261-033-000,SINKEY JERRY & SINKEY JANINE,"$4,182.58",,,,AUBURN-JOURNAL-2026-Notice-of-Divided-Publications-3-Year-Defaults
073-040-067-000,CARVETH CHRISTOPHER & CHRISTINA 366 GOLDEN OAK LN,"$2,634.21",,,,2026-Notice-of-Impending-Power-To-Sell
073-141-024-000,MACDONALD SHAWN,"$7,347.22",,,,AUBURN-JOURNAL-2026-Notice-of-Divided-Publications-3-Year-Defaults
073-190-009-000,LOW MICHAEL A & DIANA L 260 MEADOW GATE RD,"$11,042.08",,,,2026-Notice-of-Impending-Power-To-Sell
073-190-034-000,LOPEZ PORTILLO HUGO HERNAN ET AL,"$12,415.76",,,,AUBURN-JOURNAL-2026-Notice-of-Divided-Publications-3-Year-Defaults
073-340-007-000,CHURCHWELL KAREN TRUSTEE,"$15,397.53",,,,AUBURN-JOURNAL-2026-Notice-of-Divided-Publications-3-Year-Defaults
075-161-020-000,PICKERRELL NINA LYNETTE TR,"$9,017.60",,,,AUBURN-JOURNAL-2026-Notice-of-Divided-Publications-3-Year-Defaults
075-161-028-000,VASQUEZ DANIEL S & VASQUEZ TERESA ELLEN,"$4,977.89",,,,AUBURN-JOURNAL-2026-Notice-of-Divided-Publications-3-Year-Defaults
076-111-045-000,GRAY CHRISTOPHER M & MOSS AMANDA C,"$1,326.62",,,,AUBURN-JOURNAL-2026-Notice-of-Divided-Publications-3-Year-Defaults
076-480-034-000,ROLLER NICOLE,"$4,977.68",,,,AUBURN-JOURNAL-2026-Notice-of-Divided-Publications-3-Year-Defaults
077-082-031-000,WEAVER JAMES GARETH,$396.13,,,,AUBURN-JOURNAL-2026-Notice-of-Divided-Publications-3-Year-Defaults
077-130-029-000,NAGEL IVY SHANNON,"$2,681.02",,,,2026-Notice-of-Impending-Power-To-Sell
077-261-004-000,KOSCHYK NANCY L,"$2,556.35",,,,AUBURN-JOURNAL-2026-Notice-of-Divided-Publications-3-Year-Defaults
080-010-011-000,RIVER GARDEN ASSOCIATION LP,"$10,031.41",,,,TAHOE-2026-Notice-of-Divided-Publications-3-Year-Defaults
080-251-006-000,ACMIS ELEVEN LLC 7605 RIVER RD,"$6,687.76",,,,2026-Notice-of-Impending-Power-To-Sell
080-310-036-000,LOUIS WHITE PC,"$14,707.68",,,,TAHOE-2026-Notice-of-Divided-Publications-3-Year-Defaults
080-380-001-000,TIBBLES JOHN & SANDRA,"$25,345.35",,,,TAHOE-2026-Notice-of-Divided-Publications-3-Year-Defaults
083-031-017-000,RUDOLPH RICHARD C & MILES CATHARINE W 825 PINE RIDGE RD,"$5,060.66",,,,2026-Notice-of-Impending-Power-To-Sell
083-153-015-000,BISBEE CAROL G,"$1,565.95",,,,TAHOE-2026-Notice-of-Divided-Publications-3-Year-Defaults
084-032-017-000,SMITH GLENN ROBERT 2600 QUAIL LN,"$6,348.56",,,,2026-Notice-of-Impending-Power-To-Sell
084-080-002-000,FALLS BRIDGE LLC 205 SUGAR PINE RD,"$8,912.63",,,,2026-Notice-of-Impending-Power-To-Sell
085-050-017-000,KACKIEY MARK,"$1,075.90",,,,TAHOE-2026-Notice-of-Divided-Publications-3-Year-Defaults
085-321-008-000,SHER DAVID,"$13,744.52",,,,TAHOE-2026-Notice-of-Divided-Publications-3-Year-Defaults
085-326-001-000,BONDAR IGOR,"$20,283.64",,,,TAHOE-2026-Notice-of-Divided-Publications-3-Year-Defaults
090-041-022-000,FELTE CALVIN J,"$6,921.71",,,,TAHOE-2026-Notice-of-Divided-Publications-3-Year-Defaults
090-072-016-000,RASCH BONNIE M & FREDRIC H,"$9,938.00",,,,TAHOE-2026-Notice-of-Divided-Publications-3-Year-Defaults
090-091-024-000,WEBER ANNE MARIE 8445 SPECKLED AV,"$7,504.73",,,,2026-Notice-of-Impending-Power-To-Sell
090-134-006-000,WEBER ANNIE MARIE 8658 N LAKE BL,"$53,923.57",,,,2026-Notice-of-Impending-Power-To-Sell
090-243-010-000,GIOVANNI LUCINDA 212 PARK LN,"$17,371.57",,,,2026-Notice-of-Impending-Power-To-Sell
092-085-009-000,SCHEUFFELE HERMANN,"$1,736.61",,,,TAHOE-2026-Notice-of-Divided-Publications-3-Year-Defaults
093-092-010-000,SMITH DYLAN TR ET AL 26 OBSERVATION DR,"$2,182.17",,,,2026-Notice-of-Impending-Power-To-Sell
094-263-012-000,GLASPY JOHN & GLASPY MARY KAY,"$12,394.57",,,,TAHOE-2026-Notice-of-Divided-Publications-3-Year-Defaults
095-261-017-000,HAZEL'S HIDEAWAY LLC 2130 JOHN SCOTT TR,"$74,682.32",,,,2026-Notice-of-Impending-Power-To-Sell
095-510-018-000,JAIN ARPIT & JAIN ANSHU VEDA TR,"$5,344.41",,,,TAHOE-2026-Notice-of-Divided-Publications-3-Year-Defaults
096-140-008-000,KAPLAN JONATHAN 1542 SANDY WY,"$39,951.65",,,,2026-Notice-of-Impending-Power-To-Sell
096-420-013-000,HEART CORPS LLC,"$47,699.87",,,,TAHOE-2026-Notice-of-Divided-Publications-3-Year-Defaults
097-030-003-000,SECOND PROSPECT LLC,"$2,624.06",,,,TAHOE-2026-Notice-of-Divided-Publications-3-Year-Defaults
097-130-004-000,HAELING JAY DUSTIN & HAELING ELIZABETH ANN TR,"$48,607.76",,,,TAHOE-2026-Notice-of-Divided-Publications-3-Year-Defaults
098-210-037-000,GREENE JASON MATTHEW & GREENE JENNIFER MICHELLE,"$1,596.51",,,,TAHOE-2026-Notice-of-Divided-Publications-3-Year-Defaults
099-100-058-000,PATRICK KORY,"$1,332.88",,,,AUBURN-JOURNAL-2026-Notice-of-Divided-Publications-3-Year-Defaults
099-130-017-000,VALLIERES CHIE-TEHEO VORYA & VALLIERES MICHA 648 OLD GRASS VALLEY RD,"$1,640.88",,,,2026-Notice-of-Impending-Power-To-Sell
099-130-033-000,LACOSTE THOMAS JOSEPH,"$3,205.85",,,,AUBURN-JOURNAL-2026-Notice-of-Divided-Publications-3-Year-Defaults
099-200-009-000,MORGAN VICKIE L,"$7,525.95",,,,AUBURN-JOURNAL-2026-Notice-of-Divided-Publications-3-Year-Defaults
100-080-009-000,ABNEY ANDREW & ABNEY NICOLE,"$4,330.20",,,,AUBURN-JOURNAL-2026-Notice-of-Divided-Publications-3-Year-Defaults
100-190-065-000,GUILLEN-NARANJO JOSE GUADALUPE ET AL,"$1,516.11",,,,AUBURN-JOURNAL-2026-Notice-of-Divided-Publications-3-Year-Defaults
101-070-032-000,HEARST ROBERT A TR,$150.90,,,,AUBURN-JOURNAL-2026-Notice-of-Divided-Publications-3-Year-Defaults
102-080-031-000,SAFFARIAN PATRICK & SAFFARIAN JOHANA,"$35,100.84",,,,TAHOE-2026-Notice-of-Divided-Publications-3-Year-Defaults
107-080-006-000,ZERBER KEVIN G & STRONG JULIE A,"$29,213.03",,,,TAHOE-2026-Notice-of-Divided-Publications-3-Year-Defaults
110-030-093-000,TIMBERLINE HIGHLANDS LLC,"$6,054.29",,,,2026-Notice-of-Impending-Power-To-Sell
110-051-009-000,MOUNTAINSIDE CALIFORNIA 2 LLC,"$75,197.02",,,,2026-Notice-of-Impending-Power-To-Sell
110-051-049-000,TIMBERLINE HIGHLANDS LLC 9950 HIGHLANDS VIEW RD,"$19,228.89",,,,2026-Notice-of-Impending-Power-To-Sell
110-180-003-000,CHEUNG DANIEL TR,"$4,659.76",,,,TAHOE-2026-Notice-of-Divided-Publications-3-Year-Defaults
110-340-007-000,CHEUNG DANIEL TR,"$5,262.70",,,,TAHOE-2026-Notice-of-Divided-Publications-3-Year-Defaults
111-070-034-000,COLUMBO LLC 1300 REGENCY WY #83,"$27,243.63",,,,2026-Notice-of-Impending-Power-To-Sell
111-120-027-000,VAUTROT LEONARD TRUSTEE,"$1,952.63",,,,TAHOE-2026-Notice-of-Divided-Publications-3-Year-Defaults
111-240-054-000,SIKORSKI MARGARET MURPHY TR 1001 COMMONWEALTH DR #124,"$51,307.87",,,,2026-Notice-of-Impending-Power-To-Sell
112-120-005-000,WERSCHKY ARNOLD G 11,"$1,354.83",,,,2026-Notice-of-Impending-Power-To-Sell
112-120-041-000,WERSCHKY ARNOLD G,"$1,373.60",,,,2026-Notice-of-Impending-Power-To-Sell
112-120-042-000,WERSCHKY ARNOLD G 11,"$1,354.83",,,,2026-Notice-of-Impending-Power-To-Sell
112-250-023-000,CASTRO RACHELLE & SCANLON CHRISTOPHER,"$14,960.48",,,,TAHOE-2026-Notice-of-Divided-Publications-3-Year-Defaults
114-110-014-000,TIMBERLINE HIGHLANDS LLC,"$2,371.65",,,,2026-Notice-of-Impending-Power-To-Sell
117-080-032-000,TORRE JAMES V,"$13,287.02",,,,TAHOE-2026-Notice-of-Divided-Publications-3-Year-Defaults
117-150-006-000,BURKE KEVIN,"$27,168.62",,,,TAHOE-2026-Notice-of-Divided-Publications-3-Year-Defaults
255-030-043-000,VISTA AT FORESTHILL INC,"$31,194.94",,,,AUBURN-JOURNAL-2026-Notice-of-Divided-Publications-3-Year-Defaults
255-030-044-000,VISTA AT FORESTHILL INC,"$17,604.34",,,,AUBURN-JOURNAL-2026-Notice-of-Divided-Publications-3-Year-Defaults
255-030-045-000,GARBUZOV VLADIMIR,"$6,608.32",,,,2026-Notice-of-Impending-Power-To-Sell
255-090-004-000,SWESEY ANTHONY JAY & LAURA 5790 PECKY CEDAR LN,"$9,966.87",,,,2026-Notice-of-Impending-Power-To-Sell
255-090-019-000,BATCHELOR JESS HENRY,"$21,973.03",,,,AUBURN-JOURNAL-2026-Notice-of-Divided-Publications-3-Year-Defaults
256-010-001-000,TURNER JANNIE PAULETTE 6082 MCKEON PONDEROSA WY,"$8,834.14",,,,2026-Notice-of-Impending-Power-To-Sell
257-070-020-000,SCOLA EDWARD J,"$7,362.47",,,,AUBURN-JOURNAL-2026-Notice-of-Divided-Publications-3-Year-Defaults
257-090-012-000,HUFF SANDY F TR ET AL,"$1,269.68",,,,AUBURN-JOURNAL-2026-Notice-of-Divided-Publications-3-Year-Defaults
257-150-029-000,BUKOLSKY EVA M TR,"$31,197.16",,,,AUBURN-JOURNAL-2026-Notice-of-Divided-Publications-3-Year-Defaults
257-200-005-000,LARRABURU PATRICK BERNARD & MCCANN RYAN E,"$2,994.02",,,,AUBURN-JOURNAL-2026-Notice-of-Divided-Publications-3-Year-Defaults
258-050-003-520,PIZARRO JUSTIN LEE ET AL,"$2,507.42",,,,AUBURN-JOURNAL-2026-Notice-of-Divided-Publications-3-Year-Defaults
319-080-024-000,HUDSON AUDRA & HUDSON RICHARD,"$1,998.94",,,,LINCOLN-2026-Notice-of-Divided-Publications-3-Year-Defaults
319-172-016-000,MERKUSHEV ALEKSANDR & MERKUSHEV OLENA,"$2,984.44",,,,LINCOLN-2026-Notice-of-Divided-Publications-3-Year-Defaults
319-172-019-000,VALENTINE NICHOLAS RYAN ET AL,"$2,352.11",,,,LINCOLN-2026-Notice-of-Divided-Publications-3-Year-Defaults
327-270-033-000,PULIDO MARIA REBECA,"$2,775.29",,,,LINCOLN-2026-Notice-of-Divided-Publications-3-Year-Defaults
327-280-026-000,BIONDI MARK LOUIS,"$2,109.44",,,,LINCOLN-2026-Notice-of-Divided-Publications-3-Year-Defaults
328-140-001-000,WATSON KRISTINE CAROL,$58.46,,,,LINCOLN-2026-Notice-of-Divided-Publications-3-Year-Defaults
328-260-012-000,AMADA INC 1060 SIERRA VIEW CI #3,"$35,410.35",,,,2026-Notice-of-Impending-Power-To-Sell
328-310-004-000,CORREA CHRISTINE,"$32,214.11",,,,LINCOLN-2026-Notice-of-Divided-Publications-3-Year-Defaults
328-350-016-000,PRIMERA MERIVETT DELOURDES & ALVARADO JUAN GILBERT,"$2,999.33",,,,LINCOLN-2026-Notice-of-Divided-Publications-3-Year-Defaults
328-360-069-000,HAMILTON RUSSELL & HAMILTON MATTIE C,"$7,097.40",,,,LINCOLN-2026-Notice-of-Divided-Publications-3-Year-Defaults
329-150-035-000,SINGH SACHLEEN & DHUGGA RAMANPREET,"$6,838.32",,,,LINCOLN-2026-Notice-of-Divided-Publications-3-Year-Defaults
329-180-075-000,SALADA TYLER,"$5,283.46",,,,LINCOLN-2026-Notice-of-Divided-Publications-3-Year-Defaults
330-090-015-000,KONKEL RONALD W & KONKEL DEBORAH K,"$5,108.03",,,,LINCOLN-2026-Notice-of-Divided-Publications-3-Year-Defaults
335-033-025-000,WONG WILLIAM & WONG CARMELLA LYNNE,$949.55,,,,LINCOLN-2026-Notice-of-Divided-Publications-3-Year-Defaults
335-050-032-000,WIKOFF PAUL ROBERT & WIKOFF RACHEL J,"$44,920.20",,,,LINCOLN-2026-Notice-of-Divided-Publications-3-Year-Defaults
335-280-029-000,DORE MARC ROMMEL VICHI,"$4,443.66",,,,LINCOLN-2026-Notice-of-Divided-Publications-3-Year-Defaults
335-290-008-000,GEMOTO CLARISSE & SAMAR JOHNJIE,"$4,629.80",,,,LINCOLN-2026-Notice-of-Divided-Publications-3-Year-Defaults
337-240-013-000,JOHL BUSINESS VENTURES LLC,"$20,210.44",,,,LINCOLN-2026-Notice-of-Divided-Publications-3-Year-Defaults
338-140-031-000,BUTTLER LISA M & BUTTLER DANIEL F,"$14,400.94",,,,LINCOLN-2026-Notice-of-Divided-Publications-3-Year-Defaults
357-133-008-000,CERVANTES DAVID & CERVANTES SUSAN 8391 OLIVA RD,"$6,385.02",,,,2026-Notice-of-Impending-Power-To-Sell
361-010-042-000,HARRISON DANIEL,$459.15,,,,SOUTH-PLACER-2026-Notice-of-Divided-Publications-3-Year-Defaults
361-020-037-000,ANSARI TAGHI M TR 501 GIBSON DR #2113,"$21,217.47",,,,2026-Notice-of-Impending-Power-To-Sell
361-080-011-000,MOHIELDIEN ASHRAF,"$3,103.90",,,,SOUTH-PLACER-2026-Notice-of-Divided-Publications-3-Year-Defaults
367-110-002-000,SAUCEDO JESSE R & SAUCEDO COURTNEY M,"$1,377.34",,,,SOUTH-PLACER-2026-Notice-of-Divided-Publications-3-Year-Defaults
367-250-026-000,FINNEGAN KEVIN C & FINNEGAN KIMBERLY,"$5,159.79",,,,SOUTH-PLACER-2026-Notice-of-Divided-Publications-3-Year-Defaults
367-333-001-000,CHAFIN NICOLE S,"$21,773.36",,,,SOUTH-PLACER-2026-Notice-of-Divided-Publications-3-Year-Defaults
368-100-025-000,AWWAD JOHN,"$8,843.04",,,,SOUTH-PLACER-2026-Notice-of-Divided-Publications-3-Year-Defaults
368-250-012-000,ROBERTS SHAYNE 4546 SCENIC DR,"$43,469.71",,,,2026-Notice-of-Impending-Power-To-Sell
369-010-029-000,DEMORAES JENNIFER M,"$2,343.01",,,,SOUTH-PLACER-2026-Notice-of-Divided-Publications-3-Year-Defaults
370-040-062-000,LANE THOMAS RYDER,"$3,098.25",,,,SOUTH-PLACER-2026-Notice-of-Divided-Publications-3-Year-Defaults
371-010-014-000,RUSSU VERA ET AL,"$3,778.17",,,,SOUTH-PLACER-2026-Notice-of-Divided-Publications-3-Year-Defaults
373-060-030-000,BINGHAM SCOTT ET AL 1909 HUNTER DR,"$4,420.90",,,,2026-Notice-of-Impending-Power-To-Sell
378-020-008-000,MARIA MONTESSORI CHARTER ACADEMY 1850 WILDCAT BL,$266.47,,,,2026-Notice-of-Impending-Power-To-Sell
402-030-014-000,CORTES MARIA DEL CARMEN & GALVAN MATTHEW ADRIAN,"$1,847.22",,,,SOUTH-PLACER-2026-Notice-of-Divided-Publications-3-Year-Defaults
402-050-010-000,WILLIAMS JACORY DAJUAN & SABRINA 2080 DAYBREAK ST,"$2,757.15",,,,2026-Notice-of-Impending-Power-To-Sell
455-332-016-000,CUELLAR PAUL ARRON & CUELLAR LISA DAWN 230 ROCHDALE ST,"$3,177.80",,,,2026-Notice-of-Impending-Power-To-Sell
456-070-044-000,ZUBAIDI FAEZ SALIH MAHMOOD AL & SALMAN OLA,"$8,747.22",,,,SOUTH-PLACER-2026-Notice-of-Divided-Publications-3-Year-Defaults
457-040-010-000,BAILEY-AVALLONE SARAH M 409 SUNBURY CT,$876.31,,,,2026-Notice-of-Impending-Power-To-Sell
457-050-010-000,SCHIRMER MATTHEW & SCHIRMER LISA ET AL,"$6,008.99",,,,SOUTH-PLACER-2026-Notice-of-Divided-Publications-3-Year-Defaults
460-080-052-000,BATEMAN GREGORY E & ADAMS AMANDA J,"$12,736.22",,,,SOUTH-PLACER-2026-Notice-of-Divided-Publications-3-Year-Defaults
466-370-005-000,GONSALVES JEFF A,"$2,295.86",,,,SOUTH-PLACER-2026-Notice-of-Divided-Publications-3-Year-Defaults
466-400-008-000,JRN CAPITAL LLC,"$58,136.82",,,,SOUTH-PLACER-2026-Notice-of-Divided-Publications-3-Year-Defaults
468-100-009-000,BADEKA VLADISLAU D ET AL,"$2,327.57",,,,SOUTH-PLACER-2026-Notice-of-Divided-Publications-3-Year-Defaults
469-140-008-000,GABRIELLI JOSEPH R & MICHELLE T CASTELLANO TRS,"$12,580.47",,,,SOUTH-PLACER-2026-Notice-of-Divided-Publications-3-Year-Defaults
469-270-038-000,ECK RICHARD THOMAS & ECK CHISTOPHER,"$2,927.01",,,,SOUTH-PLACER-2026-Notice-of-Divided-Publications-3-Year-Defaults
469-280-054-000,WOLFF TIMOTHY R TR 1210 CRESTMONT AV,"$3,372.22",,,,2026-Notice-of-Impending-Power-To-Sell
469-305-007-000,HALVERSON NAZRA & HALVERSON JASON 1409 OAKMONT DR,$308.24,,,,2026-Notice-of-Impending-Power-To-Sell
470-110-045-000,NOLAN GERARD TR,"$4,569.27",,,,SOUTH-PLACER-2026-Notice-of-Divided-Publications-3-Year-Defaults
470-200-001-000,MARICHAN ADDI LLC,"$20,646.47",,,,SOUTH-PLACER-2026-Notice-of-Divided-Publications-3-Year-Defaults
470-200-011-000,JACQUEZ PETER E,"$4,317.59",,,,SOUTH-PLACER-2026-Notice-of-Divided-Publications-3-Year-Defaults
471-060-020-000,FAGERLIE JOHN M & LYNDA L,$169.28,,,,2026-Notice-of-Impending-Power-To-Sell
472-300-016-000,NATTAH ALI,"$1,576.49",,,,SOUTH-PLACER-2026-Notice-of-Divided-Publications-3-Year-Defaults
472-300-053-000,NAWABI KAMVEZ & BAHAR SONIA,"$2,552.64",,,,SOUTH-PLACER-2026-Notice-of-Divided-Publications-3-Year-Defaults
472-370-016-000,KOLYER H J ET AL,$505.98,,,,2026-Notice-of-Impending-Power-To-Sell
472-370-029-000,ORMISTON WILLIAM MICHAEL TR ET AL,"$1,834.04",,,,2026-Notice-of-Impending-Power-To-Sell
475-040-020-000,AVALOS JOSE GUADALUPE SILVA,$583.36,,,,SOUTH-PLACER-2026-Notice-of-Divided-Publications-3-Year-Defaults
475-040-039-000,DAVID MARCUS 617 LUNARDI WY,"$1,293.40",,,,2026-Notice-of-Impending-Power-To-Sell
476-070-066-000,CASTBERG MATTHEW ET AL,"$7,193.33",,,,SOUTH-PLACER-2026-Notice-of-Divided-Publications-3-Year-Defaults
476-470-022-000,OSTROVSKYI VALENTYN & OSTROVSKA NATALIIA,"$4,841.80",,,,SOUTH-PLACER-2026-Notice-of-Divided-Publications-3-Year-Defaults
478-310-023-000,ENIS LINDA,"$1,814.89",,,,SOUTH-PLACER-2026-Notice-of-Divided-Publications-3-Year-Defaults
478-360-004-000,FISCHER MERYL ALICE,"$2,684.48",,,,SOUTH-PLACER-2026-Notice-of-Divided-Publications-3-Year-Defaults
479-170-018-000,ROGERS WESLEY ANNE TR,"$17,516.73",,,,SOUTH-PLACER-2026-Notice-of-Divided-Publications-3-Year-Defaults
481-090-058-000,AGUILAR MATTHEW D 9220 MOONDANCER CI,$290.60,,,,2026-Notice-of-Impending-Power-To-Sell
481-310-051-000,CORTES ERICK ET AL,"$5,199.36",,,,SOUTH-PLACER-2026-Notice-of-Divided-Publications-3-Year-Defaults
482-110-017-000,YOUNGDAHL GEORGE D & JANET S TR,"$1,777.54",,,,SOUTH-PLACER-2026-Notice-of-Divided-Publications-3-Year-Defaults
482-420-028-000,HELTON CASSIDY CHRISTINE & HELTON-ADAMS CHRISTINE,"$2,699.21",,,,SOUTH-PLACER-2026-Notice-of-Divided-Publications-3-Year-Defaults
483-361-015-000,KHADIMI ZAKARIA,"$2,565.50",,,,SOUTH-PLACER-2026-Notice-of-Divided-Publications-3-Year-Defaults
484-160-057-000,TRIPADUS OLGA 449 SIENNA RIVER CT,"$3,577.79",,,,2026-Notice-of-Impending-Power-To-Sell
484-212-015-000,BILAL AGHA & BILAL NAHEED,"$3,635.04",,,,SOUTH-PLACER-2026-Notice-of-Divided-Publications-3-Year-Defaults
485-040-006-000,D & S FAMILY LLC,"$18,550.92",,,,SOUTH-PLACER-2026-Notice-of-Divided-Publications-3-Year-Defaults
486-070-003-000,DANIEL BRANDON,"$3,985.21",,,,SOUTH-PLACER-2026-Notice-of-Divided-Publications-3-Year-Defaults
489-010-001-000,SINGH JUJHAR & KAUR JASKIRAT,"$5,056.50",,,,SOUTH-PLACER-2026-Notice-of-Divided-Publications-3-Year-Defaults
489-110-037-000,DIAZ JONATHAN & DIAZ KIMBERLY 2180 RED SETTER RD,"$3,849.97",,,,2026-Notice-of-Impending-Power-To-Sell
490-020-055-000,COHEN RICHARD,"$52,915.72",,,,SOUTH-PLACER-2026-Notice-of-Divided-Publications-3-Year-Defaults
490-100-008-000,STONE CAROL 2056 PENSTONE LP,"$48,239.06",,,,2026-Notice-of-Impending-Power-To-Sell
492-060-036-000,BURLINGAME KATHERINE A,"$25,767.68",,,,SOUTH-PLACER-2026-Notice-of-Divided-Publications-3-Year-Defaults
492-450-017-000,DUXBURY CARL A ET AL,$796.47,,,,SOUTH-PLACER-2026-Notice-of-Divided-Publications-3-Year-Defaults
492-450-052-000,UMER RIDA ET AL,"$6,769.91",,,,SOUTH-PLACER-2026-Notice-of-Divided-Publications-3-Year-Defaults
494-040-057-000,PONCE STEVEN RAY ET AL 3024 HAYWOOD PL,"$1,165.60",,,,2026-Notice-of-Impending-Power-To-Sell
496-220-011-000,HAMMOCK LEILANI A & HAMMOCK CHARLES J,$415.47,,,,SOUTH-PLACER-2026-Notice-of-Divided-Publications-3-Year-Defaults
496-520-005-000,BRODY DAVID CARL & LAUREN,"$5,724.11",,,,SOUTH-PLACER-2026-Notice-of-Divided-Publications-3-Year-Defaults
496-520-047-000,CHARLESCAR NICKELSON TR,"$6,939.60",,,,SOUTH-PLACER-2026-Notice-of-Divided-Publications-3-Year-Defaults
498-150-022-000,INVIERNO VERONICA R & INVIERNO ELMER D,"$2,879.25",,,,SOUTH-PLACER-2026-Notice-of-Divided-Publications-3-Year-Defaults
498-200-065-000,AZIMI ABDUL & AZIMI ZARPAN,"$11,298.90",,,,SOUTH-PLACER-2026-Notice-of-Divided-Publications-3-Year-Defaults
499-020-099-000,SINGH BALJIT & SINGH RINKOO,"$14,798.61",,,,SOUTH-PLACER-2026-Notice-of-Divided-Publications-3-Year-Defaults
499-030-042-000,SINGH SUKHJIT & KAUR SANDEEP,"$3,356.43",,,,SOUTH-PLACER-2026-Notice-of-Divided-Publications-3-Year-Defaults
499-040-059-000,WASHINGTON WILLIE J II & COLES KATRINA LOUISE,"$7,534.25",,,,SOUTH-PLACER-2026-Notice-of-Divided-Publications-3-Year-Defaults
